id	mechanism	state	authority	current_gap	caller_evidence	footprint	memory_behavior	kernel_privilege_dependency	safety_risk	falsifier_or_gate	canonical_target
tmpfile-tempnam-correctness	tempnam/tmpfile	P0-correctness	4.4BSD-Lite2 lib/libc/stdio/tempnam.c and tmpfile.c	Reversed prefix conditional, null %s, sprintf overflow, leak, tmpnam/fopen race	picoc tmpfile; many existing mkstemp callers	339 text bytes tmpnam.o; 282 mktemp.o; 54 cloc current	MAXPATHLEN heap; secure replacement can avoid heap in tmpfile	mkstemp/fdopen existing; userland CONTROL[0]=1 cannot mask IRQs	TOCTOU and overflow	collision, exhaustion, overlong path, unlink-after-open tests	lib/libc/compat/tmpnam.c
raise-api	raise(3)	additive-small	4.4BSD-Lite2 lib/libc/gen/raise.c	Missing declaration and object; K&R return type fails Werror	No native caller; signal API wrapper context	16 text bytes; 10 cloc	constant stack only	kill/getpid syscalls; no privileged state	low	Werror compile and handled/unhandled signal test	lib/libc/gen/raise.c plus signal header
ctermid-api	ctermid(3)	additive-small	4.4BSD-Lite2 lib/libc/gen/ctermid.c	Missing public implementation; bcopy declaration needs actual header	picoc wrapper	28 text plus 9 data; 17 cloc	static 9-byte string; caller buffer	_PATH_TTY only; no privileged state	caller buffer size contract	NULL and caller-buffer tests	lib/libc/gen/ctermid.c plus stdio header
difftime-rom-seam	difftime(3)	implemented-board-pending	4.4BSD-Lite2 lib/libc/gen/difftime.c	C17 implementation and installed archive member present; __aeabi_i2d board corpus unrun	optional floating-point picoc time wrapper and on-device linker	32 text; board libc +212 bytes and root +1 block; fptest object +345 text	no allocation or writable data	ROM-float alias and admitted ROM revision validation	wrong helper result or integer subtraction overflow	host/ILP32 endpoint and a.out archive gates plus bit-exact cold/cached board fptest	lib/libc/gen/difftime.c
confstr-api	confstr(3)	design-local	4.4BSD-Lite2 lib/libc/gen/confstr.c	_CS_PATH absent; source lacks string.h; broad allocation path	picoc wrapper	43 cloc; direct compile fails	allocation-free _PATH_SYSPATH design available	user sysctl only	fabricated or truncated contract	all supported/unknown/zero-length cases	lib/libc/gen/confstr.c and unistd header
sysconf-api	sysconf(3)	design-local	4.4BSD-Lite2 lib/libc/gen/sysconf.c	_SC_* and RLIMIT_NPROC/NOFILE absent; unused clockinfo	picoc wrapper	132 cloc; CCN 33; direct compile fails	allocation-free table possible	user sysctl leaves only	invented limits	per-name table and error tests	lib/libc/gen/sysconf.c and unistd header
getline-overflow	getline(3)	correctness-before-promotion	Discobsd usr.bin/textbox/getline.c	cap*2 and len+1 overflow; private same-name functions conflict	cut nl uudecode; ed/more private getline	168 text; 53 cloc	growing heap; no fixed large buffer	stdio and malloc only	allocation overflow and namespace collision	SSIZE_MAX, allocation-failure, NUL and EOF tests	lib/libc/gen/getline.c plus caller renames
termios-abi	termios compatibility	defer-kernel-user-abi	4.4BSD-Lite2 lib/libc/gen/termios.c	Discobsd termios header stub and sgtty kernel ABI	readline has alternate tty paths	172 cloc authority	small state but ioctl conversion	kernel ioctl ABI and privilege boundary; no user IRQ masking	semantic loss if shim lies	full sgtty mapping and ioctl matrix	include/termios-todo.h and sys/kern tty
ftruncate-existing	ftruncate/truncate	present-not-gap	Discobsd syscall 129/130 and ufs_syscalls.c	No missing 4.4BSD surface; host fsutil error propagation is separate	kilo strip mail assembler cron callers	installed syscall objects/man pages	inode size change in kernel	kernel-only; user descriptor semantics	must preserve error returns	negative fd, RO, special, negative length, shrink/extend tests	sys/kern/ufs_syscalls.c and lib/libc/arm/sys
